City_ID,City,Country,Date,Lat,Lng,Max Temp,Humidity,Cloudiness,Wind Speed
0,Rikitea,PF,2020-07-08 15:23:23,-23.12,-134.97,66.99,63,32,19.64
1,Tuktoyaktuk,CA,2020-07-08 15:23:23,69.45,-133.04,35.6,100,90,6.93
2,Gaurnadi,BD,2020-07-08 15:23:23,22.97,90.23,83.25,81,100,11.14
3,Avera,US,2020-07-08 15:23:23,33.19,-82.53,80.01,94,90,5.82
4,Busselton,AU,2020-07-08 15:20:50,-33.65,115.33,46.0,87,12,6.98
5,Ponta Do Sol,PT,2020-07-08 15:23:24,32.67,-17.1,75.99,66,0,1.21
6,Karratha,AU,2020-07-08 15:23:24,-20.74,116.85,66.94,37,0,8.55
7,Esperance,AU,2020-07-08 15:23:24,-33.87,121.9,51.8,100,90,10.29
8,Mar Del Plata,AR,2020-07-08 15:18:55,-38.0,-57.56,46.99,70,100,5.82
9,Kruisfontein,ZA,2020-07-08 15:23:24,-34.0,24.73,60.26,48,0,6.51
10,Rawson,AR,2020-07-08 15:21:11,-43.3,-65.1,47.52,53,37,20.54
11,Talnakh,RU,2020-07-08 15:23:24,69.49,88.4,55.4,62,0,26.84
12,Mataura,NZ,2020-07-08 15:23:25,-46.19,168.86,39.0,83,98,3.0
13,Bredasdorp,ZA,2020-07-08 15:23:25,-34.53,20.04,69.8,40,0,2.24
14,Albany,US,2020-07-08 15:19:32,42.6,-73.97,82.0,66,88,3.74
15,Derzhavinsk,KZ,2020-07-08 15:23:25,51.1,66.32,76.73,52,24,12.57
16,Bluff,NZ,2020-07-08 15:23:25,-46.6,168.33,39.0,83,98,3.0
17,Susanville,US,2020-07-08 15:23:25,40.42,-120.65,63.0,29,1,2.08
18,Yagoua,CM,2020-07-08 15:23:26,10.34,15.23,94.28,36,49,5.03
19,San Quintin,MX,2020-07-08 15:23:26,30.48,-115.95,67.03,80,92,5.37
20,Punta Arenas,CL,2020-07-08 15:20:04,-53.15,-70.92,28.4,92,40,3.36
21,Paramonga,PE,2020-07-08 15:23:26,-10.67,-77.83,64.11,73,99,8.48
22,Barrow,US,2020-07-08 15:23:26,71.29,-156.79,33.8,83,40,13.87
23,Yar-Sale,RU,2020-07-08 15:23:26,66.83,70.83,69.51,49,8,12.97
24,Ushuaia,AR,2020-07-08 15:23:26,-54.8,-68.3,42.8,70,75,2.24
25,Chokurdakh,RU,2020-07-08 15:23:27,70.63,147.92,43.81,81,88,9.15
26,Nome,US,2020-07-08 15:23:27,64.5,-165.41,46.99,100,90,0.63
27,Vaini,TO,2020-07-08 15:23:27,-21.2,-175.2,69.8,94,75,8.05
28,Umm Kaddadah,SD,2020-07-08 15:23:27,13.6,26.69,86.14,45,71,11.18
29,Thompson,CA,2020-07-08 15:22:16,55.74,-97.86,68.0,56,40,6.93
30,Batticaloa,LK,2020-07-08 15:23:27,7.71,81.69,83.08,78,100,4.25
31,Saskylakh,RU,2020-07-08 15:23:27,71.92,114.08,58.53,62,30,13.47
32,Filadelfia,US,2020-07-08 15:22:10,39.95,-75.16,84.0,78,75,3.36
33,Waraseoni,IN,2020-07-08 15:23:28,21.75,80.03,86.76,63,35,5.55
34,Vila Franca Do Campo,PT,2020-07-08 15:23:28,37.72,-25.43,69.8,73,75,10.29
35,Yinchuan,CN,2020-07-08 15:23:28,38.47,106.27,78.84,37,3,2.62
36,Leningradskiy,RU,2020-07-08 15:23:29,69.38,178.42,40.42,90,9,5.91
37,Yagodnoye,RU,2020-07-08 15:23:29,62.55,149.67,47.82,80,100,3.78
38,Avarua,CK,2020-07-08 15:23:29,-21.21,-159.78,71.6,68,99,10.29
39,Moree,AU,2020-07-08 15:23:29,-29.47,149.85,44.6,75,0,10.29
40,Catamarca,AR,2020-07-08 15:23:29,-28.47,-65.79,57.0,61,0,4.99
41,East London,ZA,2020-07-08 15:23:29,-33.02,27.91,68.0,64,0,16.11
42,Dwarka,IN,2020-07-08 15:20:04,22.24,68.97,83.59,83,71,18.21
43,Sovetskiy,RU,2020-07-08 15:23:30,61.36,63.58,86.99,44,1,5.32
44,Damietta,EG,2020-07-08 15:23:30,31.42,31.81,80.29,68,0,15.46
45,Nouadhibou,MR,2020-07-08 15:23:30,20.93,-17.03,73.4,83,75,23.04
46,Castro,BR,2020-07-08 15:23:30,-24.79,-50.01,62.71,72,95,11.03
47,Chebsara,RU,2020-07-08 15:23:30,59.2,38.84,68.0,94,90,6.71
48,Izhma,RU,2020-07-08 15:23:30,65.01,53.91,85.03,52,16,4.59
49,Hobart,AU,2020-07-08 15:18:34,-42.88,147.33,37.99,93,0,5.82
50,Bilma,NE,2020-07-08 15:23:31,18.69,12.92,103.24,16,32,4.07
51,Sao Jose Da Coroa Grande,BR,2020-07-08 15:23:31,-8.9,-35.15,80.26,71,31,3.36
52,Fortuna,US,2020-07-08 15:23:31,40.6,-124.16,57.99,93,90,4.7
53,Nanortalik,GL,2020-07-08 15:23:31,60.14,-45.24,43.72,82,78,6.17
54,Beloha,MG,2020-07-08 15:23:32,-25.17,45.05,67.05,73,0,14.45
55,Velizh,RU,2020-07-08 15:23:32,55.61,31.2,64.6,64,100,3.47
56,Port Elizabeth,ZA,2020-07-08 15:18:46,-33.92,25.57,64.4,72,0,10.29
57,Tasiilaq,GL,2020-07-08 15:23:32,65.61,-37.64,46.4,65,40,16.11
58,Atar,MR,2020-07-08 15:23:32,20.52,-13.05,118.36,5,0,14.65
59,Kavaratti,IN,2020-07-08 15:19:05,10.57,72.64,83.25,79,100,17.05
60,Pisco,PE,2020-07-08 15:22:16,-13.7,-76.22,64.4,72,90,8.05
61,Villa Carlos Paz,AR,2020-07-08 15:23:33,-31.42,-64.5,46.99,65,75,10.29
62,Port Alfred,ZA,2020-07-08 15:23:33,-33.59,26.89,68.81,57,0,14.23
63,Gazanjyk,TM,2020-07-08 15:23:33,39.24,55.52,100.47,9,0,8.43
64,Abha,SA,2020-07-08 15:22:11,18.22,42.51,82.4,32,40,8.05
65,Hualmay,PE,2020-07-08 15:23:33,-11.1,-77.61,64.65,71,85,8.3
66,Butaritari,KI,2020-07-08 15:23:33,3.07,172.79,82.8,75,35,16.31
67,Port Blair,IN,2020-07-08 15:23:34,11.67,92.75,80.83,77,60,5.23
68,Gannan,CN,2020-07-08 15:23:34,47.91,123.5,65.64,59,0,4.92
69,Kapaa,US,2020-07-08 15:23:34,22.08,-159.32,78.8,74,75,17.22
70,Kuznechnoye,RU,2020-07-08 15:23:34,61.12,29.87,66.99,51,74,3.87
71,Lengshuijiang,CN,2020-07-08 15:23:34,27.69,111.43,76.1,92,100,1.05
72,Taltal,CL,2020-07-08 15:23:35,-25.4,-70.48,69.3,24,0,4.38
73,New Norfolk,AU,2020-07-08 15:23:35,-42.78,147.06,37.99,91,0,2.57
74,Hirara,JP,2020-07-08 15:23:35,24.8,125.28,83.77,81,100,16.08
75,Puerto Ayora,EC,2020-07-08 15:23:35,-0.74,-90.35,68.0,95,90,5.01
76,Bozhou,CN,2020-07-08 15:23:35,33.88,115.77,78.28,68,33,7.36
77,Borujerd,IR,2020-07-08 15:23:35,33.9,48.75,88.39,17,95,9.66
78,Salalah,OM,2020-07-08 15:23:35,17.02,54.09,82.4,88,40,9.17
79,Wad Rawah,SD,2020-07-08 15:23:36,15.16,33.14,96.53,30,98,11.21
80,Sitka,US,2020-07-08 15:23:36,57.05,-135.33,55.4,87,90,3.36
81,Houston,US,2020-07-08 15:19:17,29.76,-95.36,89.01,66,40,13.87
82,San Ignacio,BZ,2020-07-08 15:23:36,17.16,-89.07,84.99,88,20,4.7
83,Toppenish,US,2020-07-08 15:23:36,46.38,-120.31,62.6,59,1,2.93
84,Olinda,BR,2020-07-08 15:23:36,-8.01,-34.86,84.2,66,40,5.82
85,Vao,NC,2020-07-08 15:23:37,-22.67,167.48,68.49,62,98,15.08
86,Cockburn Town,TC,2020-07-08 15:20:42,21.46,-71.14,86.0,74,75,12.75
87,College,US,2020-07-08 15:23:37,64.86,-147.8,55.4,76,90,9.17
88,Hudiksvall,SE,2020-07-08 15:23:37,61.73,17.1,57.99,74,2,1.99
89,Bengkulu,ID,2020-07-08 15:23:37,-3.8,102.27,76.44,88,100,5.28
90,Cidreira,BR,2020-07-08 15:19:41,-30.18,-50.21,62.78,87,100,14.81
91,Cape Town,ZA,2020-07-08 15:21:57,-33.93,18.42,73.0,59,38,5.82
92,Sijunjung,ID,2020-07-08 15:23:37,-0.69,100.95,71.73,91,100,1.3
93,Qaanaaq,GL,2020-07-08 15:23:38,77.48,-69.36,46.85,54,0,6.55
94,Dikson,RU,2020-07-08 15:23:38,73.51,80.55,45.77,77,24,13.15
95,Mahebourg,MU,2020-07-08 15:23:38,-20.41,57.7,71.6,73,75,13.87
96,Chuy,UY,2020-07-08 15:23:38,-33.7,-53.46,50.49,91,100,7.14
97,Atuona,PF,2020-07-08 15:23:38,-9.8,-139.03,79.39,75,6,12.55
98,Jasper,US,2020-07-08 15:23:39,37.2,-94.35,84.99,69,1,6.93
99,Bhag,PK,2020-07-08 15:23:39,29.04,67.82,107.11,20,81,14.43
100,Ribeira Grande,PT,2020-07-08 15:23:39,38.52,-28.7,71.6,78,75,12.75
101,Hermanus,ZA,2020-07-08 15:23:39,-34.42,19.23,66.99,57,8,5.19
102,Papara,BR,2020-07-08 15:23:39,-3.98,-38.73,86.0,58,40,12.75
103,Kentau,KZ,2020-07-08 15:23:39,43.52,68.51,85.57,21,0,12.64
104,Cherskiy,RU,2020-07-08 15:23:39,68.75,161.3,54.43,74,0,3.67
105,Jalalpur,PK,2020-07-08 15:23:40,32.64,74.22,89.6,59,20,6.93
106,Marysville,US,2020-07-08 15:22:02,48.05,-122.18,59.0,87,90,3.36
107,Lorengau,PG,2020-07-08 15:23:40,-2.02,147.27,81.63,82,70,10.69
108,Yellowknife,CA,2020-07-08 15:20:39,62.46,-114.35,57.99,67,20,3.36
109,Pavelets,RU,2020-07-08 15:23:40,53.79,39.25,75.56,84,100,9.53
110,Samarai,PG,2020-07-08 15:23:40,-10.62,150.67,78.3,87,82,18.14
111,Tuatapere,NZ,2020-07-08 15:23:41,-46.13,167.68,39.0,83,100,3.0
112,Somerset,US,2020-07-08 15:23:41,40.57,-74.55,82.0,78,90,5.82
113,Piacabucu,BR,2020-07-08 15:23:41,-10.41,-36.43,80.87,68,9,3.96
114,Severo-Kurilsk,RU,2020-07-08 15:23:41,50.68,156.12,48.4,92,100,14.85
115,Pevek,RU,2020-07-08 15:23:41,69.7,170.31,42.57,77,100,1.07
116,Iqaluit,CA,2020-07-08 15:23:41,63.75,-68.51,44.6,87,75,3.36
117,Pacific Grove,US,2020-07-08 15:22:40,36.62,-121.92,55.4,87,90,3.36
118,Blagoyevo,RU,2020-07-08 15:23:42,63.37,47.92,80.58,58,24,11.32
119,Victoria,HK,2020-07-08 15:22:23,22.29,114.16,86.0,74,100,17.0
120,Kyshtovka,RU,2020-07-08 15:23:42,56.55,76.63,72.48,80,90,5.84
121,Axim,GH,2020-07-08 15:23:42,4.87,-2.24,79.59,77,63,12.41
122,Ayan,RU,2020-07-08 15:23:42,56.45,138.17,47.79,93,9,6.11
123,Coihueco,CL,2020-07-08 15:23:43,-36.62,-71.83,44.6,100,75,5.82
124,Dubbo,AU,2020-07-08 15:19:09,-32.25,148.62,48.2,87,0,11.41
125,Saint-Augustin,CA,2020-07-08 15:23:43,51.23,-58.65,65.48,63,83,21.34
126,Torbay,CA,2020-07-08 15:23:43,47.67,-52.73,63.0,67,40,8.05
127,Srednekolymsk,RU,2020-07-08 15:23:43,67.45,153.68,51.96,85,55,10.74
128,San Andres,CO,2020-07-08 15:23:43,12.58,-81.7,86.0,79,90,10.29
129,Kaitangata,NZ,2020-07-08 15:23:43,-46.28,169.85,44.01,74,100,11.01
130,San Rafael Del Sur,NI,2020-07-08 15:23:44,11.85,-86.44,84.2,70,40,9.17
131,Souillac,MU,2020-07-08 15:23:44,-20.52,57.52,71.6,73,75,13.87
132,Caravelas,BR,2020-07-08 15:23:44,-17.71,-39.25,79.84,50,0,5.59
133,Mayo,US,2020-07-08 15:23:44,38.89,-76.51,86.0,83,20,11.41
134,Saint-Philippe,RE,2020-07-08 15:23:44,-21.36,55.77,71.6,73,3,17.22
135,Tessalit,ML,2020-07-08 15:23:44,20.2,1.01,110.32,6,0,8.43
136,Suntar,RU,2020-07-08 15:23:45,62.14,117.63,56.84,74,44,5.23
137,Ciudad Bolivar,VE,2020-07-08 15:23:45,8.12,-63.55,87.31,59,2,10.47
138,Coquimbo,CL,2020-07-08 15:23:45,-29.95,-71.34,60.8,59,15,4.7
139,Umm Lajj,SA,2020-07-08 15:23:45,25.02,37.27,89.67,45,0,6.2
140,Waipawa,NZ,2020-07-08 15:23:45,-41.41,175.52,48.2,66,100,33.33
141,Mount Gambier,AU,2020-07-08 15:23:46,-37.83,140.77,48.2,76,90,10.29
142,Ko Samui,TH,2020-07-08 15:19:26,9.54,99.94,84.2,79,20,2.91
143,Camacha,PT,2020-07-08 15:23:46,33.08,-16.33,73.4,64,40,16.11
144,Lamu,KE,2020-07-08 15:23:46,-2.27,40.9,80.6,78,1,9.17
145,Olafsvik,IS,2020-07-08 15:23:46,64.89,-23.71,48.54,73,21,15.08
146,Santiago De Cao,PE,2020-07-08 15:23:47,-7.96,-79.24,64.81,77,85,11.86
147,Basti,IN,2020-07-08 15:23:47,26.8,82.72,89.15,68,26,2.15
148,Hambantota,LK,2020-07-08 15:23:47,6.12,81.12,77.0,100,40,2.24
149,Kavieng,PG,2020-07-08 15:23:47,-2.57,150.8,82.15,79,98,13.33
150,Manzanillo,CU,2020-07-08 15:23:47,20.34,-77.12,86.49,67,0,7.85
151,Bathsheba,BB,2020-07-08 15:23:47,13.22,-59.52,87.8,62,40,23.04
152,Vila,PT,2020-07-08 15:23:47,42.03,-8.16,88.0,51,0,8.99
153,Chitrakonda,IN,2020-07-08 15:23:48,18.12,82.08,78.6,87,99,2.68
154,Tougue,GN,2020-07-08 15:23:48,11.47,-11.6,84.02,61,76,7.02
155,Rudovci,RS,2020-07-08 15:23:48,44.38,20.41,78.8,36,0,4.7
156,Mahibadhoo,MV,2020-07-08 15:21:05,3.78,72.97,84.42,67,13,2.39
157,Carnarvon,AU,2020-07-08 15:23:48,-24.87,113.63,60.8,87,0,12.75
158,Padang,ID,2020-07-08 15:23:48,-0.95,100.35,76.62,80,100,1.79
159,Arraial Do Cabo,BR,2020-07-08 15:23:48,-22.97,-42.03,84.2,48,97,17.22
160,Shipitsyno,RU,2020-07-08 15:23:49,61.28,46.52,90.1,46,3,8.88
161,Hofn,IS,2020-07-08 15:23:49,64.25,-15.21,57.2,62,20,9.17
162,Mazamari,PE,2020-07-08 15:23:49,-11.33,-74.53,79.77,60,93,1.81
163,Biltine,TD,2020-07-08 15:23:49,14.53,20.92,101.25,18,2,6.91
164,Ust-Ishim,RU,2020-07-08 15:23:49,57.69,71.17,76.32,68,0,4.29
165,Saint-Joseph,RE,2020-07-08 15:23:49,-21.37,55.62,71.6,73,1,17.22
166,Gat,IL,2020-07-08 15:23:49,31.61,34.76,86.0,59,0,4.0
167,Mafra,BR,2020-07-08 15:23:50,-26.11,-49.81,60.44,93,93,5.95
168,Peniche,PT,2020-07-08 15:23:50,39.36,-9.38,72.0,78,52,10.0
169,Cabedelo,BR,2020-07-08 15:23:50,-6.98,-34.83,84.2,70,40,11.41
170,Churapcha,RU,2020-07-08 15:23:50,62.0,132.43,52.41,84,0,2.93
171,Jamestown,US,2020-07-08 15:23:50,42.1,-79.24,78.8,69,1,6.93
172,Longyearbyen,SJ,2020-07-08 15:23:50,78.22,15.64,48.2,76,75,3.36
173,Ostrovnoy,RU,2020-07-08 15:23:51,68.05,39.51,60.98,67,100,15.64
174,Margate,GB,2020-07-08 15:23:51,51.38,1.39,64.99,90,100,1.01
175,Bethel,US,2020-07-08 15:23:51,41.37,-73.41,81.0,78,75,8.05
176,Katsuura,JP,2020-07-08 15:23:51,35.13,140.3,77.0,95,99,3.0
177,Bandundu,CD,2020-07-08 15:23:51,-3.32,17.37,97.59,24,1,2.39
178,Yaan,NG,2020-07-08 15:23:51,7.38,8.57,83.5,75,84,4.09
179,Nashville,US,2020-07-08 15:22:18,36.17,-86.78,88.0,70,1,1.48
180,Dongsheng,CN,2020-07-08 15:23:52,39.82,109.98,69.08,60,99,8.57
181,Mehamn,NO,2020-07-08 15:23:52,71.04,27.85,46.4,93,90,8.05
182,Barcelos,PT,2020-07-08 15:23:52,41.54,-8.62,78.01,77,75,4.7
183,Salym,RU,2020-07-08 15:23:52,60.06,71.48,80.58,58,44,5.99
184,Launceston,AU,2020-07-08 15:23:52,-41.45,147.17,43.0,100,90,4.7
185,Oriximina,BR,2020-07-08 15:23:52,-1.77,-55.87,88.86,52,1,3.71
186,Namibe,AO,2020-07-08 15:23:53,-15.2,12.15,77.0,69,40,13.87
187,Qaqortoq,GL,2020-07-08 15:23:53,60.72,-46.03,53.6,62,75,6.93
188,Georgetown,MY,2020-07-08 15:21:56,5.41,100.34,80.01,94,40,6.93
189,Rehoboth,NA,2020-07-08 15:23:53,-23.32,17.08,75.94,14,0,15.19
190,Airai,TL,2020-07-08 15:23:53,-8.93,125.41,56.82,100,97,3.96
191,Staryy Nadym,RU,2020-07-08 15:23:53,65.61,72.68,69.01,53,1,8.46
192,Provideniya,RU,2020-07-08 15:23:54,64.38,-173.3,46.72,91,100,3.4
193,Hervey Bay,AU,2020-07-08 15:23:54,-25.3,152.85,57.99,91,1,5.01
194,Hithadhoo,MV,2020-07-08 15:21:05,-0.6,73.08,85.5,69,67,4.92
195,San Carlos De Bariloche,AR,2020-07-08 15:23:54,-41.15,-71.31,33.8,85,75,16.11
196,Pyapon,MM,2020-07-08 15:23:54,16.28,95.68,80.8,89,100,5.91
197,Sao Joao Da Barra,BR,2020-07-08 15:18:59,-21.64,-41.05,80.6,51,0,4.7
198,Lerwick,GB,2020-07-08 15:20:00,60.15,-1.15,55.4,76,20,12.75
199,Lavrentiya,RU,2020-07-08 15:23:55,65.58,-171.0,43.21,94,81,1.74
200,Tagusao,PH,2020-07-08 15:23:55,9.19,117.81,82.09,75,100,3.4
201,Aklavik,CA,2020-07-08 15:23:55,68.22,-135.01,44.6,87,90,4.7
202,Saint George,US,2020-07-08 15:23:55,37.1,-113.58,84.0,14,1,5.82
203,Clyde River,CA,2020-07-08 15:23:55,70.47,-68.59,37.4,100,90,10.29
204,Grand-Lahou,CI,2020-07-08 15:23:55,5.14,-5.02,78.64,80,68,14.45
205,Bandarbeyla,SO,2020-07-08 15:23:56,9.49,50.81,82.47,64,46,30.62
206,Sao Filipe,CV,2020-07-08 15:23:56,14.9,-24.5,79.38,80,75,7.94
207,Sibenik,HR,2020-07-08 15:23:56,43.73,15.91,84.2,30,0,14.99
208,Fallon,US,2020-07-08 15:22:56,39.47,-118.78,72.0,19,1,5.82
209,Dalbandin,PK,2020-07-08 15:23:56,28.89,64.41,95.52,13,31,6.89
210,Faanui,PF,2020-07-08 15:23:57,-16.48,-151.75,76.98,81,63,27.89
211,La Crosse,US,2020-07-08 15:20:00,43.8,-91.24,84.0,74,1,6.93
212,Tamandare,BR,2020-07-08 15:23:57,-8.76,-35.1,80.56,70,33,3.91
213,Hamilton,US,2020-07-08 15:22:43,39.18,-84.53,89.01,62,1,3.36
214,Sucua,EC,2020-07-08 15:23:57,-2.47,-78.17,78.87,55,12,3.8
215,Curico,CL,2020-07-08 15:23:57,-34.98,-71.23,50.0,100,75,4.7
216,Roswell,US,2020-07-08 15:20:55,34.02,-84.36,82.99,78,75,3.36
217,Smolenka,RU,2020-07-08 15:23:58,52.14,113.5,64.4,93,64,2.37
218,Nikolskoye,RU,2020-07-08 15:23:58,59.7,30.79,66.0,59,75,6.71
219,Palmer,US,2020-07-08 15:23:58,42.16,-72.33,77.0,88,90,6.93
220,Saalfeld,DE,2020-07-08 15:23:58,50.65,11.37,60.01,86,100,3.0
221,Luderitz,NA,2020-07-08 15:23:58,-26.65,15.16,66.2,55,0,17.22
222,Ugep,NG,2020-07-08 15:23:58,5.81,8.08,83.01,80,66,3.96
223,Hilo,US,2020-07-08 15:23:58,19.73,-155.09,73.4,78,90,3.36
224,Havoysund,NO,2020-07-08 15:23:59,71.0,24.66,50.0,93,75,13.87
225,Khatanga,RU,2020-07-08 15:23:59,71.97,102.5,58.51,49,38,12.03
226,Bure,ET,2020-07-08 15:23:59,10.7,37.07,62.49,92,100,3.62
227,Erdenet,MN,2020-07-08 15:23:04,49.03,104.08,54.37,93,100,13.24
228,Sevnica,SI,2020-07-08 15:23:59,46.01,15.32,78.8,34,0,3.36
229,Jieshi,CN,2020-07-08 15:23:59,22.81,115.83,83.46,85,100,14.43
230,Hunchun,CN,2020-07-08 15:23:59,42.87,130.36,63.91,56,67,3.02
231,Sarangani,PH,2020-07-08 15:24:00,5.4,125.46,84.15,71,42,6.69
232,Itarema,BR,2020-07-08 15:24:00,-2.92,-39.92,85.48,59,0,11.43
233,Soyo,AO,2020-07-08 15:24:00,-6.13,12.37,78.8,69,75,6.93
234,Harbour Breton,CA,2020-07-08 15:24:00,47.48,-55.8,61.3,70,0,5.75
235,Hasaki,JP,2020-07-08 15:24:00,35.73,140.83,77.0,88,75,11.41
236,Santa Rosa,PH,2020-07-08 15:24:01,14.31,121.11,86.0,70,40,6.93
237,Kita,ML,2020-07-08 15:24:01,13.03,-9.49,94.78,47,44,7.07
238,Dayong,CN,2020-07-08 15:24:01,25.02,118.29,84.2,83,100,6.71
239,Beringovskiy,RU,2020-07-08 15:24:01,63.05,179.32,50.95,75,1,10.8
240,Elizabeth City,US,2020-07-08 15:21:09,36.29,-76.25,87.8,66,1,12.75
241,Lebu,CL,2020-07-08 15:24:01,-37.62,-73.65,49.44,75,60,6.62
242,Tura,IN,2020-07-08 15:24:02,25.52,90.22,77.49,95,100,5.37
243,Valparaiso,CL,2020-07-08 15:24:02,-33.04,-71.63,50.0,100,90,6.93
244,Barkly West,ZA,2020-07-08 15:24:02,-28.54,24.52,69.8,28,5,14.99
245,Codrington,AU,2020-07-08 15:24:02,-38.27,141.97,43.45,90,3,6.4
246,Bubaque,GW,2020-07-08 15:24:02,11.28,-15.83,83.98,77,100,12.97
247,Kodiak,US,2020-07-08 15:22:25,57.79,-152.41,59.0,62,40,12.75
248,Sosnovo-Ozerskoye,RU,2020-07-08 15:24:03,52.52,111.54,60.42,89,54,3.74
249,Laguna De Perlas,NI,2020-07-08 15:24:03,12.34,-83.67,80.6,94,75,9.17
250,Rapid Valley,US,2020-07-08 15:24:03,44.06,-103.15,73.0,46,1,14.99
251,Santa Vitoria Do Palmar,BR,2020-07-08 15:24:03,-33.52,-53.37,50.04,92,100,8.52
252,Juneau,US,2020-07-08 15:24:03,58.3,-134.42,55.0,93,90,3.36
253,Te Anau,NZ,2020-07-08 15:24:03,-45.42,167.72,37.78,90,93,0.43
254,Lasa,IT,2020-07-08 15:24:04,46.62,10.7,75.0,63,40,10.29
255,Najran,SA,2020-07-08 15:24:04,17.49,44.13,104.0,11,40,10.29
256,Shimoda,JP,2020-07-08 15:24:04,34.67,138.95,71.01,94,100,14.12
257,Tiarei,PF,2020-07-08 15:24:04,-17.53,-149.33,73.4,83,20,5.82
258,Hauterive,FR,2020-07-08 15:24:04,46.09,3.45,84.2,26,0,3.36
259,Saint-Pierre,RE,2020-07-08 15:24:04,-21.34,55.48,71.6,73,0,17.22
260,Isangel,VU,2020-07-08 15:24:04,-19.55,169.27,69.73,82,37,13.73
261,Alofi,NU,2020-07-08 15:24:05,-19.06,-169.92,62.6,100,18,2.24
262,Payo,ID,2020-07-08 15:24:05,-3.75,103.64,72.97,94,100,2.08
263,Sisimiut,GL,2020-07-08 15:24:05,66.94,-53.67,44.6,87,100,3.02
264,Geraldton,AU,2020-07-08 15:24:05,-28.77,114.6,50.0,87,28,3.36
265,Rocha,UY,2020-07-08 15:24:05,-34.48,-54.33,48.58,90,100,10.94
266,Richards Bay,ZA,2020-07-08 15:24:05,-28.78,32.04,65.66,67,34,9.73
267,San Ramon,US,2020-07-08 15:24:06,37.78,-121.98,66.99,77,1,3.36
268,Mandalgovi,MN,2020-07-08 15:24:06,45.76,106.27,72.19,43,99,17.09
269,Vestmannaeyjar,IS,2020-07-08 15:24:06,63.44,-20.27,53.6,71,75,18.34
270,Paso De Los Toros,UY,2020-07-08 15:24:06,-32.82,-56.52,48.2,81,75,11.41
271,Flinders,AU,2020-07-08 15:24:06,-34.58,150.86,52.0,84,10,1.01
272,Gizo,SB,2020-07-08 15:24:07,-8.1,156.84,82.15,76,98,5.73
273,The Valley,AI,2020-07-08 15:24:07,18.22,-63.06,86.0,70,40,19.46
274,Quatre Cocos,MU,2020-07-08 15:24:07,-20.21,57.76,71.6,73,75,13.87
275,Faya,SA,2020-07-08 15:24:07,18.39,42.45,82.4,32,40,8.05
276,Imeni Poliny Osipenko,RU,2020-07-08 15:24:07,52.42,136.49,50.95,90,98,13.0
277,Bom Jesus,BR,2020-07-08 15:24:07,-9.07,-44.36,90.3,29,0,7.43
278,Kroya,ID,2020-07-08 15:24:08,-7.63,109.25,76.21,87,29,7.74
279,Santa Maria,BR,2020-07-08 15:21:16,-29.68,-53.81,51.8,100,90,10.29
280,La Palma,US,2020-07-08 15:24:08,33.85,-118.05,70.0,68,90,5.82
281,Vryheid,ZA,2020-07-08 15:24:08,-27.77,30.79,53.69,62,70,8.08
282,Cayenne,GF,2020-07-08 15:24:08,4.93,-52.33,82.4,78,11,6.93
283,Bambous Virieux,MU,2020-07-08 15:24:08,-20.34,57.76,71.6,73,75,13.87
284,La Ronge,CA,2020-07-08 15:24:09,55.1,-105.28,62.6,63,90,13.87
285,Deputatskiy,RU,2020-07-08 15:24:09,69.3,139.9,40.77,98,90,1.19
286,Shenjiamen,CN,2020-07-08 15:24:09,29.96,122.3,76.24,86,100,7.34
287,Cordoba,AR,2020-07-08 15:24:09,-31.41,-64.18,46.99,65,75,10.29
288,Ahipara,NZ,2020-07-08 15:23:04,-35.17,173.17,53.35,69,17,18.61
289,Arlit,NE,2020-07-08 15:24:09,18.74,7.39,103.46,17,50,8.88
290,Norman Wells,CA,2020-07-08 15:24:09,65.28,-126.83,55.4,82,75,8.05
291,Dalaba,GN,2020-07-08 15:24:10,10.7,-12.25,75.06,83,97,6.02
292,Clonakilty,IE,2020-07-08 15:24:10,51.62,-8.87,61.0,93,75,11.41
293,Naze,JP,2020-07-08 15:24:10,28.37,129.48,80.6,100,75,8.05
294,General Roca,AR,2020-07-08 15:24:10,-39.03,-67.58,48.2,42,0,12.75
295,Tieli,CN,2020-07-08 15:24:10,46.95,128.05,56.98,85,68,3.06
296,Komsomolskiy,UZ,2020-07-08 15:24:11,40.43,71.72,87.8,23,90,6.93
297,Sistranda,NO,2020-07-08 15:22:29,63.73,8.83,55.4,66,40,12.75
298,Antofagasta,CL,2020-07-08 15:23:11,-23.65,-70.4,59.0,82,0,14.99
299,Comodoro Rivadavia,AR,2020-07-08 15:24:11,-45.87,-67.5,44.6,56,64,16.11
300,Puri,IN,2020-07-08 15:24:11,19.8,85.85,78.8,100,75,17.54
301,Lensk,RU,2020-07-08 15:24:11,60.73,114.93,58.55,75,99,5.61
302,Muros,ES,2020-07-08 15:24:12,42.78,-9.06,78.01,62,0,20.0
303,Touros,BR,2020-07-08 15:21:11,-5.2,-35.46,82.4,65,40,12.75
304,Nioro,GM,2020-07-08 15:24:12,13.35,-15.75,98.11,38,54,10.49
305,San Cristobal,VE,2020-07-08 15:24:12,7.77,-72.22,89.6,43,20,18.34
306,Egvekinot,RU,2020-07-08 15:24:12,66.32,-179.17,43.5,99,99,0.25
307,Buala,SB,2020-07-08 15:24:12,-8.14,159.59,80.64,77,81,5.35
308,Tiksi,RU,2020-07-08 15:24:12,71.69,128.87,33.76,96,100,4.14
309,Kiama,AU,2020-07-08 15:24:13,-34.68,150.87,52.0,79,19,6.69
310,Villarrica,PY,2020-07-08 15:24:13,-25.75,-56.43,53.31,88,100,5.26
311,Wladyslawowo,PL,2020-07-08 15:24:13,54.79,18.4,62.01,69,45,4.0
312,Imbituba,BR,2020-07-08 15:20:21,-28.24,-48.67,66.2,93,75,10.29
313,Chililabombwe,ZM,2020-07-08 15:23:15,-12.36,27.82,76.62,27,0,2.89
314,Nedjo,ET,2020-07-08 15:24:13,9.5,35.5,63.75,97,90,2.86
315,Trstena,SK,2020-07-08 15:24:14,49.36,19.61,64.4,48,40,13.87
316,Henties Bay,NA,2020-07-08 15:24:14,-22.12,14.28,71.33,32,0,9.33
317,Priyutnoye,RU,2020-07-08 15:24:14,46.1,43.51,102.0,9,80,20.0
318,Sangar,RU,2020-07-08 15:24:14,63.92,127.47,53.74,68,4,1.72
319,Buchanan,LR,2020-07-08 15:24:14,5.88,-10.05,79.18,84,94,13.2
320,Ampanihy,MG,2020-07-08 15:24:14,-24.7,44.75,68.05,66,0,14.74
321,Kharan,PK,2020-07-08 15:24:14,28.58,65.42,100.31,14,94,2.98
322,Huarmey,PE,2020-07-08 15:24:15,-10.07,-78.15,65.43,70,82,8.52
323,Urengoy,RU,2020-07-08 15:24:15,65.97,78.37,64.04,56,53,17.13
324,Cabo San Lucas,MX,2020-07-08 15:24:15,22.89,-109.91,86.0,45,40,6.11
325,Nanning,CN,2020-07-08 15:22:52,22.82,108.32,84.2,79,100,4.47
326,Carutapera,BR,2020-07-08 15:24:15,-1.2,-46.02,87.22,56,0,3.89
327,Port-Gentil,GA,2020-07-08 15:24:15,-0.72,8.78,80.6,78,40,12.75
328,Sabang,ID,2020-07-08 15:24:15,5.89,95.32,83.48,67,55,11.34
329,Severobaykalsk,RU,2020-07-08 15:24:16,55.65,109.32,54.36,92,100,2.28
330,Poum,NC,2020-07-08 15:24:16,-20.23,164.02,70.18,76,5,12.73
331,Wadi Musa,JO,2020-07-08 15:24:16,30.32,35.48,83.46,21,0,12.84
332,Pudozh,RU,2020-07-08 15:24:16,61.81,36.53,56.03,90,100,7.36
333,La Cumbre,AR,2020-07-08 15:24:16,-30.98,-64.49,46.99,65,75,10.29
334,Srandakan,ID,2020-07-08 15:24:16,-7.94,110.25,76.12,87,9,6.96
335,Santiago,CL,2020-07-08 15:21:58,-33.46,-70.65,48.2,87,75,3.36
336,San Patricio,MX,2020-07-08 15:24:17,19.22,-104.7,78.8,88,90,23.04
337,Vaitape,PF,2020-07-08 15:24:17,-16.52,-151.75,77.76,80,67,28.05
338,Kropotkin,RU,2020-07-08 15:24:17,45.44,40.58,69.55,91,100,17.31
339,Dingle,PH,2020-07-08 15:24:17,11.0,122.67,78.48,82,84,3.44
340,Sirmaur,IN,2020-07-08 15:24:17,24.85,81.38,91.99,55,98,3.98
341,Gotsu,JP,2020-07-08 15:24:18,35.0,132.22,70.14,92,100,2.1
342,San Policarpo,PH,2020-07-08 15:24:18,12.18,125.51,82.67,74,55,2.86
343,Evensk,RU,2020-07-08 15:24:18,61.95,159.23,50.43,95,100,4.83
344,Webuye,KE,2020-07-08 15:24:18,0.61,34.77,62.6,82,75,2.24
345,Amarante Do Maranhao,BR,2020-07-08 15:24:18,-5.57,-46.74,88.54,35,9,6.38
346,Misratah,LY,2020-07-08 15:24:18,32.38,15.09,79.12,67,0,13.56
347,Bedesa,ET,2020-07-08 15:24:19,8.9,40.78,70.92,71,82,4.05
348,Nago,JP,2020-07-08 15:24:19,26.59,127.98,84.0,88,40,9.17
349,Lazaro Cardenas,MX,2020-07-08 15:24:19,17.96,-102.2,77.0,82,100,3.62
350,Upernavik,GL,2020-07-08 15:24:19,72.79,-56.15,43.81,65,24,8.52
351,Porbandar,IN,2020-07-08 15:24:19,21.64,69.61,83.8,83,70,16.13
352,West Wendover,US,2020-07-08 15:24:19,40.74,-114.07,70.0,24,0,4.32
353,Luyang,CN,2020-07-08 15:24:20,27.62,110.1,73.53,96,100,2.44
354,Tevaitoa,PF,2020-07-08 15:24:20,-16.78,-151.5,77.2,80,88,29.53
355,Verkhoyansk,RU,2020-07-08 15:24:20,67.54,133.38,48.18,88,100,3.31
356,Saldanha,ZA,2020-07-08 15:24:20,-33.01,17.94,73.4,23,10,2.24
357,Chicama,PE,2020-07-08 15:24:20,-7.84,-79.15,68.09,64,94,7.0
358,Waingapu,ID,2020-07-08 15:24:20,-9.66,120.26,74.37,82,70,9.69
359,Cacoal,BR,2020-07-08 15:24:21,-11.44,-61.45,89.33,42,0,2.42
360,Bambanglipuro,ID,2020-07-08 15:24:21,-7.95,110.28,76.1,86,8,7.25
361,Pahrump,US,2020-07-08 15:24:21,36.21,-115.98,80.6,10,1,6.85
362,Frontignan,FR,2020-07-08 15:24:01,43.45,3.75,82.4,34,0,13.87
363,Romhany,HU,2020-07-08 15:24:21,47.93,19.26,79.0,36,3,8.05
364,Lucapa,AO,2020-07-08 15:24:22,-8.42,20.74,90.39,16,0,3.11
365,Niort,FR,2020-07-08 15:24:22,46.33,-0.33,82.4,37,0,5.82
366,Vershino-Darasunskiy,RU,2020-07-08 15:24:22,52.35,115.52,60.76,56,23,1.52
367,Mazatlan,MX,2020-07-08 15:24:22,23.22,-106.42,73.4,100,90,8.05
368,Cabinda,AO,2020-07-08 15:24:22,-5.55,12.2,78.8,69,75,6.93
369,Ginda,IN,2020-07-08 15:24:22,30.69,78.49,84.2,79,40,3.36
370,Along,IN,2020-07-08 15:24:22,28.17,94.77,75.97,89,100,0.78
371,Dongzhen,CN,2020-07-08 15:24:23,22.38,110.94,79.93,87,100,3.85
372,Torres,BR,2020-07-08 15:24:23,-29.34,-49.73,65.19,91,100,3.58
373,Japura,ID,2020-07-08 15:24:23,-0.32,102.35,74.5,96,100,1.88
374,Paris,FR,2020-07-08 15:19:35,48.85,2.35,82.99,42,75,11.41
375,Coro,VE,2020-07-08 15:24:23,11.4,-69.67,88.97,51,0,13.04
376,Sawakin,SD,2020-07-08 15:24:24,19.11,37.33,93.04,43,2,10.38
377,Terme,TR,2020-07-08 15:24:24,41.21,36.97,78.8,69,75,16.11
378,Kemijarvi,FI,2020-07-08 15:24:24,66.71,27.43,61.9,74,100,6.67
379,Moate,IE,2020-07-08 15:24:24,53.55,-7.72,57.0,94,100,7.0
380,Goba,ET,2020-07-08 15:24:24,7.02,39.98,56.82,88,85,2.04
381,Dawei,MM,2020-07-08 15:24:25,14.08,98.2,79.16,86,97,0.29
382,Mishelevka,RU,2020-07-08 15:24:25,52.86,103.17,60.64,85,100,4.63
383,Dehloran,IR,2020-07-08 15:24:25,32.69,47.27,110.52,6,0,6.13
384,Solnechnyy,RU,2020-07-08 15:24:25,50.72,136.63,50.41,94,100,7.76
385,Zhigansk,RU,2020-07-08 15:24:25,66.77,123.37,56.98,56,0,10.16
386,Suez,EG,2020-07-08 15:23:54,29.97,32.53,92.93,37,0,24.16
387,Katherine,AU,2020-07-08 15:24:26,-14.47,132.27,60.8,48,0,6.93
388,Praia Da Vitoria,PT,2020-07-08 15:24:26,38.73,-27.07,71.6,78,75,8.19
389,Astana,KZ,2020-07-08 15:24:26,51.18,71.45,70.57,60,86,8.63
390,Zhangjiakou,CN,2020-07-08 15:24:26,40.81,114.88,71.51,77,100,5.55
391,Rizhao,CN,2020-07-08 15:24:26,35.43,119.46,70.43,88,70,4.65
392,Sokol,RU,2020-07-08 15:24:26,59.46,40.12,72.73,89,99,5.91
393,Jamame,SO,2020-07-08 15:24:27,0.07,42.75,79.79,75,94,14.05
394,Inirida,CO,2020-07-08 15:24:27,3.87,-67.92,86.88,62,18,2.77
395,Kajaani,FI,2020-07-08 15:24:27,64.23,27.73,62.6,67,40,2.24
396,Asau,RO,2020-07-08 15:24:27,46.43,26.4,71.01,54,40,0.85
397,Lixourion,GR,2020-07-08 15:24:27,38.2,20.43,82.4,61,20,17.22
398,Yumen,CN,2020-07-08 15:24:27,40.28,97.2,75.61,17,0,10.78
399,Narsaq,GL,2020-07-08 15:24:28,60.92,-46.05,53.6,62,75,6.93
400,Struer,DK,2020-07-08 15:24:28,56.49,8.58,62.01,60,23,18.57
401,Ulaangom,MN,2020-07-08 15:24:28,49.98,92.07,65.95,54,71,1.32
402,Jiuquan,CN,2020-07-08 15:24:28,39.74,98.52,79.93,16,49,13.67
403,Klaksvik,FO,2020-07-08 15:24:28,62.23,-6.59,53.6,81,52,12.75
404,Praia,CV,2020-07-08 15:24:28,14.92,-23.51,86.0,70,40,10.29
405,Sabinas Hidalgo,MX,2020-07-08 15:24:28,26.5,-100.17,84.97,61,60,3.62
406,Tautira,PF,2020-07-08 15:24:29,-17.73,-149.15,73.4,83,20,5.82
407,Ilulissat,GL,2020-07-08 15:24:29,69.22,-51.1,50.0,66,75,5.82
408,Jamshedpur,IN,2020-07-08 15:24:29,22.8,86.18,88.2,62,88,9.48
409,Mizdah,LY,2020-07-08 15:24:29,31.45,12.98,94.64,12,0,6.85
410,Zhigalovo,RU,2020-07-08 15:24:29,54.81,105.16,58.82,88,17,3.13
411,Vostok,RU,2020-07-08 15:24:29,46.49,135.88,54.5,100,100,2.93
412,Dublin,US,2020-07-08 15:23:59,37.7,-121.94,66.0,77,1,2.01
413,Montecristo,CO,2020-07-08 15:24:30,8.3,-74.47,81.32,79,99,1.79
414,Verkhnyaya Toyma,RU,2020-07-08 15:24:30,62.23,45.0,71.73,85,87,9.13
415,Shahr-E Babak,IR,2020-07-08 15:24:30,30.12,55.12,83.89,21,66,14.23
416,Kushima,JP,2020-07-08 15:24:30,31.46,131.23,74.75,92,100,7.92
417,Osorno,CL,2020-07-08 15:24:31,-40.57,-73.15,42.8,93,61,8.05
418,Constitucion,CL,2020-07-08 15:24:31,-35.33,-72.42,51.06,69,14,3.6
419,Indiaroba,BR,2020-07-08 15:24:31,-11.52,-37.51,77.79,88,83,5.14
420,Pareora,NZ,2020-07-08 15:24:31,-44.49,171.21,39.99,63,64,10.49
421,Kenitra,MA,2020-07-08 15:20:07,34.26,-6.58,77.0,73,40,14.99
422,Ensenada,MX,2020-07-08 15:21:47,31.87,-116.62,66.99,85,12,3.29
423,Dasoguz,TM,2020-07-08 15:24:32,41.84,59.97,95.0,26,14,6.93
424,Boddam,GB,2020-07-08 15:24:32,57.47,-1.78,54.0,66,90,8.05
425,Moron,AR,2020-07-08 15:24:32,-34.65,-58.62,51.8,76,85,2.24
426,Gawler,AU,2020-07-08 15:24:32,-34.6,138.73,48.99,80,97,7.0
427,Parana,AR,2020-07-08 15:23:44,-31.73,-60.52,53.01,65,3,1.99
428,High Level,CA,2020-07-08 15:22:09,58.52,-117.14,57.2,82,90,2.24
429,Ketchikan,US,2020-07-08 15:24:33,55.34,-131.65,53.6,100,90,5.82
430,Portland,US,2020-07-08 15:19:45,45.52,-122.68,62.01,77,90,5.82
431,Xuddur,SO,2020-07-08 15:24:33,4.12,43.89,84.25,46,97,19.8
432,Soe,ID,2020-07-08 15:24:33,-9.86,124.28,63.23,100,79,5.79
433,Booue,GA,2020-07-08 15:24:33,-0.09,11.94,88.72,46,3,2.55
434,Vredendal,ZA,2020-07-08 15:24:34,-31.67,18.5,74.98,24,0,4.18
435,Jalu,LY,2020-07-08 15:24:34,29.03,21.55,95.56,25,0,11.88
436,Riyadh,SA,2020-07-08 15:20:47,24.69,46.72,109.4,9,49,10.29
437,Xingyi,CN,2020-07-08 15:24:34,24.19,102.82,64.9,92,100,3.94
438,Batagay,RU,2020-07-08 15:24:34,67.63,134.63,44.94,94,100,2.8
439,Lompoc,US,2020-07-08 15:24:01,34.64,-120.46,53.6,93,0,9.17
440,Coahuayana,MX,2020-07-08 15:24:35,18.73,-103.68,73.4,88,75,3.98
441,Moroto,UG,2020-07-08 15:24:35,2.53,34.67,72.95,66,100,3.33
442,Shache,CN,2020-07-08 15:24:35,38.42,77.24,86.0,14,3,9.98
443,Ahuimanu,US,2020-07-08 15:20:07,21.44,-157.84,77.0,65,20,10.29
444,Altay,CN,2020-07-08 15:24:35,47.87,88.12,61.25,56,15,7.94
445,Thinadhoo,MV,2020-07-08 15:24:36,0.53,72.93,85.64,68,51,4.65
446,Tekeli,KZ,2020-07-08 15:24:36,44.83,78.82,61.7,57,2,4.12
447,Jibuti,DJ,2020-07-08 15:24:36,11.5,42.5,95.0,50,20,6.93
448,Ndele,CF,2020-07-08 15:24:36,8.41,20.65,81.77,74,27,3.2
449,Mount Barker,AU,2020-07-08 15:24:36,-35.07,138.87,45.0,89,67,1.01
450,Pangnirtung,CA,2020-07-08 15:24:37,66.15,-65.71,42.8,93,75,14.99
451,Camargo,MX,2020-07-08 15:24:37,27.67,-105.17,79.68,46,0,4.99
452,Port-Cartier,CA,2020-07-08 15:24:37,50.03,-66.87,62.6,100,90,2.15
453,Berlevag,NO,2020-07-08 15:24:37,70.86,29.09,46.4,100,75,4.7
454,Maningrida,AU,2020-07-08 15:24:37,-12.07,134.27,69.53,80,35,10.83
455,Liancheng,CN,2020-07-08 15:24:37,24.05,105.08,73.24,83,100,5.79
456,Alta Floresta,BR,2020-07-08 15:24:37,-9.88,-56.09,89.6,43,15,2.24
457,Emerald,AU,2020-07-08 15:24:38,-23.53,148.17,57.2,82,7,8.05
458,Channel-Port Aux Basques,CA,2020-07-08 15:24:38,47.57,-59.14,60.42,74,88,11.21
459,Vero Beach,US,2020-07-08 15:24:38,27.64,-80.4,89.6,55,20,9.17
460,Harper,LR,2020-07-08 15:24:38,4.38,-7.72,78.51,81,77,13.94
461,Hay River,CA,2020-07-08 15:24:38,60.82,-115.8,60.8,77,20,3.36
462,Bulawayo,ZW,2020-07-08 15:24:39,-20.15,28.58,60.4,55,59,10.58
463,Labuhan,ID,2020-07-08 15:24:39,-6.88,112.21,77.23,82,4,6.69
464,Salta,AR,2020-07-08 15:24:39,-24.79,-65.41,50.0,57,0,3.36
465,Puerto Escondido,MX,2020-07-08 15:21:52,15.85,-97.07,84.2,70,40,0.58
466,Sindor,RU,2020-07-08 15:24:39,62.86,51.89,88.39,48,0,4.81
467,Mombetsu,JP,2020-07-08 15:24:39,44.35,143.35,64.17,95,54,2.21
468,Bac Lieu,VN,2020-07-08 15:24:40,9.29,105.72,81.3,77,100,2.46
469,Aviles,ES,2020-07-08 15:24:40,43.55,-5.92,79.0,83,40,9.17
470,Cabra,ES,2020-07-08 15:24:40,37.47,-4.44,97.0,20,33,7.0
471,Zhezkazgan,KZ,2020-07-08 15:24:40,47.8,67.71,81.0,30,99,14.23
472,Kholmogory,RU,2020-07-08 15:24:40,64.22,41.66,69.8,88,90,7.7
473,Yei,SS,2020-07-08 15:24:40,4.09,30.68,75.16,87,55,3.22
474,Kjollefjord,NO,2020-07-08 15:22:04,70.95,27.35,46.4,93,90,8.05
475,Orasac,BA,2020-07-08 15:22:01,44.63,16.07,78.48,32,2,4.36
476,Gloria Do Goita,BR,2020-07-08 15:24:41,-8.0,-35.29,84.2,66,40,5.82
477,Grand Gaube,MU,2020-07-08 15:24:41,-20.01,57.66,69.01,81,4,3.0
478,Bouna,CI,2020-07-08 15:24:41,9.27,-3.0,84.36,61,91,7.99
479,Michalovce,SK,2020-07-08 15:24:41,48.75,21.92,71.01,56,89,2.24
480,Batemans Bay,AU,2020-07-08 15:24:42,-35.72,150.18,45.0,94,2,3.87
481,Doctor Phillips,US,2020-07-08 15:20:02,28.45,-81.49,88.0,62,75,11.41
482,Orlik,RU,2020-07-08 15:24:42,52.52,99.83,52.38,77,89,4.29
483,Mareeba,AU,2020-07-08 15:24:42,-17.0,145.43,71.6,78,40,10.29
484,Eyl,SO,2020-07-08 15:24:42,7.98,49.82,87.51,49,100,22.01
485,Hanyang,CN,2020-07-08 15:24:42,32.14,105.51,74.44,83,100,1.72
486,Pachino,IT,2020-07-08 15:24:42,36.72,15.09,84.0,66,0,9.71
487,Ternate,ID,2020-07-08 15:24:43,0.8,127.4,80.44,78,95,4.09
488,Vila Velha,BR,2020-07-08 15:24:43,-20.33,-40.29,80.6,61,20,11.41
489,Matara,LK,2020-07-08 15:24:43,5.95,80.54,80.6,84,100,9.17
490,Kasongo,CD,2020-07-08 15:24:43,-4.45,26.67,93.74,25,6,2.77
491,Antigonish,CA,2020-07-08 15:24:44,45.62,-62.0,66.99,69,68,5.99
492,Kyren,RU,2020-07-08 15:24:44,51.68,102.14,60.69,77,100,2.77
493,Asfi,MA,2020-07-08 15:24:44,32.3,-9.24,76.19,60,0,20.0
494,Sirnak,TR,2020-07-08 15:24:44,37.52,42.46,102.2,11,0,17.22
495,Kamenka,RU,2020-07-08 15:24:44,51.32,42.77,84.88,50,78,8.88
496,Pudem,RU,2020-07-08 15:24:44,58.3,52.17,83.26,70,0,5.7
497,Byron Bay,AU,2020-07-08 15:19:57,-28.65,153.62,57.2,93,40,8.05
498,Nicoya,CR,2020-07-08 15:24:45,10.15,-85.45,84.2,70,75,11.41
499,Markivka,UA,2020-07-08 15:24:45,49.52,39.57,78.66,64,100,6.78
500,Dukat,RU,2020-07-08 15:24:45,62.55,155.55,46.35,92,100,7.61
501,Erenhot,CN,2020-07-08 15:24:46,43.65,111.98,82.9,28,100,8.23
502,Muli,MV,2020-07-08 15:21:05,2.92,73.57,84.63,65,21,1.36
503,Mahajanga,MG,2020-07-08 15:24:46,-15.72,46.32,87.8,45,20,6.93
504,Rajula,IN,2020-07-08 15:24:46,21.05,71.43,84.74,76,6,17.58
505,Merke,KZ,2020-07-08 15:24:46,42.87,73.18,78.55,29,99,5.82
506,Quilmana,PE,2020-07-08 15:24:46,-12.95,-76.38,67.41,58,4,5.79
507,Saint-Francois,FR,2020-07-08 15:24:47,46.42,3.91,84.2,28,0,4.7
508,Shingu,JP,2020-07-08 15:24:47,33.73,135.98,73.06,94,100,7.4
509,Moscow,RU,2020-07-08 15:20:01,55.75,37.62,73.4,78,40,11.18
510,Sao Borja,BR,2020-07-08 15:21:35,-28.66,-56.0,51.46,86,100,6.11
511,Palora,EC,2020-07-08 15:24:47,-1.7,-77.93,78.01,57,10,3.47
512,Shestakovo,RU,2020-07-08 15:24:47,56.49,103.96,59.92,84,78,2.28
513,Conceicao Do Araguaia,BR,2020-07-08 15:24:47,-8.26,-49.26,89.6,38,0,8.05
514,Balkhash,KZ,2020-07-08 15:24:48,46.84,74.98,78.91,37,68,15.28
515,Kimbe,PG,2020-07-08 15:24:48,-5.55,150.14,74.95,88,81,4.63
516,Awjilah,LY,2020-07-08 15:24:48,29.11,21.29,95.86,24,0,11.16
517,Miatli,RU,2020-07-08 15:24:48,43.08,46.83,93.16,26,21,10.69
518,Kiunga,PG,2020-07-08 15:24:48,-6.12,141.29,73.09,96,100,3.2
519,Husavik,IS,2020-07-08 15:24:49,66.04,-17.34,57.2,54,20,12.75
520,Kagay,PH,2020-07-08 15:24:49,6.01,120.91,79.45,81,100,2.01
521,Batsfjord,NO,2020-07-08 15:24:49,70.63,29.72,46.4,100,90,3.36
522,Lithgow,AU,2020-07-08 15:24:49,-33.48,150.15,39.99,92,73,2.51
523,Hvolsvollur,IS,2020-07-08 15:24:49,63.75,-20.22,57.0,71,75,18.34
524,Meybod,IR,2020-07-08 15:24:49,32.25,54.02,96.8,13,20,4.7
525,Abu Samrah,SY,2020-07-08 15:24:50,35.3,37.18,91.2,23,0,17.47
526,Baruun-Urt,MN,2020-07-08 15:24:50,46.68,113.28,68.99,54,31,3.29
527,Plouzane,FR,2020-07-08 15:24:50,48.38,-4.62,68.0,82,90,5.82
528,Sfantu Gheorghe,RO,2020-07-08 15:21:38,45.87,25.78,69.01,55,4,1.99
529,Ngama,TD,2020-07-08 15:24:50,11.78,17.17,95.92,34,7,1.92
530,Aitape,PG,2020-07-08 15:23:04,-3.14,142.35,79.03,84,97,7.85
531,Celestun,MX,2020-07-08 15:24:51,20.87,-90.4,84.38,70,0,8.05
532,Sosnovka,RU,2020-07-08 15:24:51,56.26,51.28,82.27,74,0,5.95
533,Trelew,AR,2020-07-08 15:24:51,-43.25,-65.31,47.5,52,33,19.33
534,Springfield,US,2020-07-08 15:24:51,37.22,-93.3,84.2,66,1,4.7
535,Viedma,AR,2020-07-08 15:24:51,-40.81,-63.0,41.63,87,100,14.85
536,Esik,KZ,2020-07-08 15:20:27,43.36,77.45,69.01,37,19,3.69
537,Dunedin,NZ,2020-07-08 15:24:52,-45.87,170.5,41.0,91,94,10.0
538,Nador,MA,2020-07-08 15:20:06,35.17,-2.93,86.0,69,20,6.93
539,Gornopravdinsk,RU,2020-07-08 15:24:52,60.05,69.9,80.26,58,45,5.88
540,Ust-Maya,RU,2020-07-08 15:24:52,60.42,134.53,52.57,93,0,2.06
541,Yerbogachen,RU,2020-07-08 15:24:53,61.28,108.01,54.59,92,52,2.15
542,Kijang,KR,2020-07-08 15:24:53,35.24,129.21,71.6,88,75,4.7
543,Rio Gallegos,AR,2020-07-08 15:22:21,-51.62,-69.22,33.8,74,99,13.87
544,Mount Isa,AU,2020-07-08 15:24:53,-20.73,139.5,60.8,51,0,11.03
545,Aykhal,RU,2020-07-08 15:24:53,66.0,111.5,57.2,62,75,8.95
546,Tilichiki,RU,2020-07-08 15:24:54,60.47,166.1,48.65,100,100,5.66
547,Youkounkoun,GN,2020-07-08 15:24:54,12.53,-13.13,94.64,51,100,7.85
548,Tarauaca,BR,2020-07-08 15:24:54,-8.16,-70.77,86.83,57,77,2.64
549,Brae,GB,2020-07-08 15:24:54,60.4,-1.35,55.4,76,20,12.75
